{
  "traction": 0.5,
  "lapCount": 3,
  "bonuses": [],
  "startPositions": [
    { "x": 320, "y": 320, "angle": 0 },
    { "x": 320, "y": 340, "angle": 0 }
  ],
  "bgLayers": ["grass-track-layer-1"],
  "fgLayers": ["grass-track-layer-2"],
  "colliderImage": "grass-track-collider-gates-off",
  "openedShortcutColliderImage": "grass-track-collider-gates-on",

  "comment": "trzeba zmienić punkciki",

  "checkPointPath": "M3 98V29C5.53053 -0.119545 18.5 -6.00002 54 19.5C89.5 45 157.5 99.0001 203 121C248.5 143 254.463 117.771 236.5 91C218.537 64.2295 232.594 43.2039 236.5 31C240.406 18.7961 231.5 -7.49999 203 6.50004C174.5 20.5001 84 93.0001 54 116C24 139 7.47007 132.453 3 98Z",
  "pathOffset": { "x": 0, "y": -12 },
  "finishLine": { "x": 132, "y": 250 }
}
